ROWNAME,ID,CATEGORY_ID,ASSETNAME,ASSETPATH,IMAGEPATH
3001001,3001001,1,Sk_backpack00,/Script/Engine.SkeletalMesh'/Game/Asset/OutgoingAsset/SoldiersConstructor/Meshes/backpacks/Sk_backpack00.Sk_backpack00',/Script/Engine.MaterialInstanceConstant'/Game/Materials/MI_SplitWidget.MI_SplitWidget'
3001002,3001002,2,Sk_backpack01,/Script/Engine.SkeletalMesh'/Game/Asset/OutgoingAsset/SoldiersConstructor/Meshes/backpacks/Sk_backpack01.Sk_backpack01',/Script/Engine.MaterialInstanceConstant'/Game/Materials/MI_SplitWidget.MI_SplitWidget'
3001003,3001003,3,Sk_backpack02,/Script/Engine.SkeletalMesh'/Game/Asset/OutgoingAsset/SoldiersConstructor/Meshes/backpacks/Sk_backpack02.Sk_backpack02',/Script/Engine.MaterialInstanceConstant'/Game/Materials/MI_SplitWidget.MI_SplitWidget'
3001004,3001004,4,Sk_backpack03,/Script/Engine.SkeletalMesh'/Game/Asset/OutgoingAsset/SoldiersConstructor/Meshes/backpacks/Sk_backpack03.Sk_backpack03',/Script/Engine.MaterialInstanceConstant'/Game/Materials/MI_SplitWidget.MI_SplitWidget'
3001005,3001005,5,Sk_backpack04,/Script/Engine.SkeletalMesh'/Game/Asset/OutgoingAsset/SoldiersConstructor/Meshes/backpacks/Sk_backpack04.Sk_backpack04',/Script/Engine.MaterialInstanceConstant'/Game/Materials/MI_SplitWidget.MI_SplitWidget'
3002001,3002001,1,Sk_vest00a,/Script/Engine.SkeletalMesh'/Game/Asset/OutgoingAsset/SoldiersConstructor/Meshes/vests/Sk_vest00a.Sk_vest00a',/Script/Engine.MaterialInstanceConstant'/Game/Materials/MI_SplitWidget.MI_SplitWidget'
3002002,3002002,2,Sk_vest00b,/Script/Engine.SkeletalMesh'/Game/Asset/OutgoingAsset/SoldiersConstructor/Meshes/vests/Sk_vest00b.Sk_vest00b',/Script/Engine.MaterialInstanceConstant'/Game/Materials/MI_SplitWidget.MI_SplitWidget'
3002003,3002003,3,Sk_vest00c,/Script/Engine.SkeletalMesh'/Game/Asset/OutgoingAsset/SoldiersConstructor/Meshes/vests/Sk_vest00c.Sk_vest00c',/Script/Engine.MaterialInstanceConstant'/Game/Materials/MI_SplitWidget.MI_SplitWidget'
3002004,3002004,4,Sk_vest00d,/Script/Engine.SkeletalMesh'/Game/Asset/OutgoingAsset/SoldiersConstructor/Meshes/vests/Sk_vest00d.Sk_vest00d',/Script/Engine.MaterialInstanceConstant'/Game/Materials/MI_SplitWidget.MI_SplitWidget'
3002005,3002005,5,Sk_vest01a,/Script/Engine.SkeletalMesh'/Game/Asset/OutgoingAsset/SoldiersConstructor/Meshes/vests/Sk_vest01a.Sk_vest01a',/Script/Engine.MaterialInstanceConstant'/Game/Materials/MI_SplitWidget.MI_SplitWidget'
3002006,3002006,6,Sk_vest01b,/Script/Engine.SkeletalMesh'/Game/Asset/OutgoingAsset/SoldiersConstructor/Meshes/vests/Sk_vest01b.Sk_vest01b',/Script/Engine.MaterialInstanceConstant'/Game/Materials/MI_SplitWidget.MI_SplitWidget'
3002007,3002007,7,Sk_vest01c,/Script/Engine.SkeletalMesh'/Game/Asset/OutgoingAsset/SoldiersConstructor/Meshes/vests/Sk_vest01c.Sk_vest01c',/Script/Engine.MaterialInstanceConstant'/Game/Materials/MI_SplitWidget.MI_SplitWidget'
3002008,3002008,8,Sk_vest01d,/Script/Engine.SkeletalMesh'/Game/Asset/OutgoingAsset/SoldiersConstructor/Meshes/vests/Sk_vest01d.Sk_vest01d',/Script/Engine.MaterialInstanceConstant'/Game/Materials/MI_SplitWidget.MI_SplitWidget'
3002009,3002009,9,Sk_vest02a,/Script/Engine.SkeletalMesh'/Game/Asset/OutgoingAsset/SoldiersConstructor/Meshes/vests/Sk_vest02a.Sk_vest02a',/Script/Engine.MaterialInstanceConstant'/Game/Materials/MI_SplitWidget.MI_SplitWidget'
3002010,3002010,10,Sk_vest02b,/Script/Engine.SkeletalMesh'/Game/Asset/OutgoingAsset/SoldiersConstructor/Meshes/vests/Sk_vest02b.Sk_vest02b',/Script/Engine.MaterialInstanceConstant'/Game/Materials/MI_SplitWidget.MI_SplitWidget'
3002011,3002011,11,Sk_vest02c,/Script/Engine.SkeletalMesh'/Game/Asset/OutgoingAsset/SoldiersConstructor/Meshes/vests/Sk_vest02c.Sk_vest02c',/Script/Engine.MaterialInstanceConstant'/Game/Materials/MI_SplitWidget.MI_SplitWidget'
3002012,3002012,12,Sk_vest02d,/Script/Engine.SkeletalMesh'/Game/Asset/OutgoingAsset/SoldiersConstructor/Meshes/vests/Sk_vest02d.Sk_vest02d',/Script/Engine.MaterialInstanceConstant'/Game/Materials/MI_SplitWidget.MI_SplitWidget'
3002013,3002013,13,Sk_vest03a,/Script/Engine.SkeletalMesh'/Game/Asset/OutgoingAsset/SoldiersConstructor/Meshes/vests/Sk_vest03a.Sk_vest03a',/Script/Engine.MaterialInstanceConstant'/Game/Materials/MI_SplitWidget.MI_SplitWidget'
3002014,3002014,14,Sk_vest03b,/Script/Engine.SkeletalMesh'/Game/Asset/OutgoingAsset/SoldiersConstructor/Meshes/vests/Sk_vest03b.Sk_vest03b',/Script/Engine.MaterialInstanceConstant'/Game/Materials/MI_SplitWidget.MI_SplitWidget'
3002015,3002015,15,Sk_vest03c,/Script/Engine.SkeletalMesh'/Game/Asset/OutgoingAsset/SoldiersConstructor/Meshes/vests/Sk_vest03c.Sk_vest03c',/Script/Engine.MaterialInstanceConstant'/Game/Materials/MI_SplitWidget.MI_SplitWidget'
3002016,3002016,16,Sk_vest03d,/Script/Engine.SkeletalMesh'/Game/Asset/OutgoingAsset/SoldiersConstructor/Meshes/vests/Sk_vest03d.Sk_vest03d',/Script/Engine.MaterialInstanceConstant'/Game/Materials/MI_SplitWidget.MI_SplitWidget'
3002017,3002017,17,Sk_vest04a,/Script/Engine.SkeletalMesh'/Game/Asset/OutgoingAsset/SoldiersConstructor/Meshes/vests/Sk_vest04a.Sk_vest04a',/Script/Engine.MaterialInstanceConstant'/Game/Materials/MI_SplitWidget.MI_SplitWidget'
3002018,3002018,18,Sk_vest04b,/Script/Engine.SkeletalMesh'/Game/Asset/OutgoingAsset/SoldiersConstructor/Meshes/vests/Sk_vest04b.Sk_vest04b',/Script/Engine.MaterialInstanceConstant'/Game/Materials/MI_SplitWidget.MI_SplitWidget'
3002019,3002019,19,Sk_vest04c,/Script/Engine.SkeletalMesh'/Game/Asset/OutgoingAsset/SoldiersConstructor/Meshes/vests/Sk_vest04c.Sk_vest04c',/Script/Engine.MaterialInstanceConstant'/Game/Materials/MI_SplitWidget.MI_SplitWidget'
3002020,3002020,20,Sk_vest04d,/Script/Engine.SkeletalMesh'/Game/Asset/OutgoingAsset/SoldiersConstructor/Meshes/vests/Sk_vest04d.Sk_vest04d',/Script/Engine.MaterialInstanceConstant'/Game/Materials/MI_SplitWidget.MI_SplitWidget'
3003001,3003001,1,Sk_Helmet00,/Script/Engine.SkeletalMesh'/Game/Asset/OutgoingAsset/SoldiersConstructor/Meshes/helmets/Sk_Helmet00.Sk_Helmet00',/Script/Engine.MaterialInstanceConstant'/Game/Materials/MI_SplitWidget.MI_SplitWidget'
3003002,3003002,2,Sk_Helmet01,/Script/Engine.SkeletalMesh'/Game/Asset/OutgoingAsset/SoldiersConstructor/Meshes/helmets/Sk_Helmet01.Sk_Helmet01',/Script/Engine.MaterialInstanceConstant'/Game/Materials/MI_SplitWidget.MI_SplitWidget'
3003003,3003003,3,Sk_Helmet02,/Script/Engine.SkeletalMesh'/Game/Asset/OutgoingAsset/SoldiersConstructor/Meshes/helmets/Sk_Helmet02.Sk_Helmet02',/Script/Engine.MaterialInstanceConstant'/Game/Materials/MI_SplitWidget.MI_SplitWidget'
3003004,3003004,4,Sk_Helmet03,/Script/Engine.SkeletalMesh'/Game/Asset/OutgoingAsset/SoldiersConstructor/Meshes/helmets/Sk_Helmet03.Sk_Helmet03',/Script/Engine.MaterialInstanceConstant'/Game/Materials/MI_SplitWidget.MI_SplitWidget'
3003005,3003005,5,Sk_Helmet04,/Script/Engine.SkeletalMesh'/Game/Asset/OutgoingAsset/SoldiersConstructor/Meshes/helmets/Sk_Helmet04.Sk_Helmet04',/Script/Engine.MaterialInstanceConstant'/Game/Materials/MI_SplitWidget.MI_SplitWidget'
3003006,3003006,6,Sk_Helmet05,/Script/Engine.SkeletalMesh'/Game/Asset/OutgoingAsset/SoldiersConstructor/Meshes/helmets/Sk_Helmet05.Sk_Helmet05',/Script/Engine.MaterialInstanceConstant'/Game/Materials/MI_SplitWidget.MI_SplitWidget'
3003007,3003007,7,Sk_Helmet06,/Script/Engine.SkeletalMesh'/Game/Asset/OutgoingAsset/SoldiersConstructor/Meshes/helmets/Sk_Helmet06.Sk_Helmet06',/Script/Engine.MaterialInstanceConstant'/Game/Materials/MI_SplitWidget.MI_SplitWidget'
3003008,3003008,8,Sk_Helmet07,/Script/Engine.SkeletalMesh'/Game/Asset/OutgoingAsset/SoldiersConstructor/Meshes/helmets/Sk_Helmet07.Sk_Helmet07',/Script/Engine.MaterialInstanceConstant'/Game/Materials/MI_SplitWidget.MI_SplitWidget'
3003009,3003009,9,Sk_Helmet08,/Script/Engine.SkeletalMesh'/Game/Asset/OutgoingAsset/SoldiersConstructor/Meshes/helmets/Sk_Helmet08.Sk_Helmet08',/Script/Engine.MaterialInstanceConstant'/Game/Materials/MI_SplitWidget.MI_SplitWidget'
3003010,3003010,10,Sk_Helmet09,/Script/Engine.SkeletalMesh'/Game/Asset/OutgoingAsset/SoldiersConstructor/Meshes/helmets/Sk_Helmet09.Sk_Helmet09',/Script/Engine.MaterialInstanceConstant'/Game/Materials/MI_SplitWidget.MI_SplitWidget'
3003011,3003011,11,Sk_Helmet10,/Script/Engine.SkeletalMesh'/Game/Asset/OutgoingAsset/SoldiersConstructor/Meshes/helmets/Sk_Helmet10.Sk_Helmet10',/Script/Engine.MaterialInstanceConstant'/Game/Materials/MI_SplitWidget.MI_SplitWidget'
3003012,3003012,12,Sk_Helmet11,/Script/Engine.SkeletalMesh'/Game/Asset/OutgoingAsset/SoldiersConstructor/Meshes/helmets/Sk_Helmet11.Sk_Helmet11',/Script/Engine.MaterialInstanceConstant'/Game/Materials/MI_SplitWidget.MI_SplitWidget'
3003013,3003013,13,Sk_Helmet12,/Script/Engine.SkeletalMesh'/Game/Asset/OutgoingAsset/SoldiersConstructor/Meshes/helmets/Sk_Helmet12.Sk_Helmet12',/Script/Engine.MaterialInstanceConstant'/Game/Materials/MI_SplitWidget.MI_SplitWidget'
3003014,3003014,14,Sk_Helmet13,/Script/Engine.SkeletalMesh'/Game/Asset/OutgoingAsset/SoldiersConstructor/Meshes/helmets/Sk_Helmet13.Sk_Helmet13',/Script/Engine.MaterialInstanceConstant'/Game/Materials/MI_SplitWidget.MI_SplitWidget'
3003015,3003015,15,Sk_Helmet14,/Script/Engine.SkeletalMesh'/Game/Asset/OutgoingAsset/SoldiersConstructor/Meshes/helmets/Sk_Helmet14.Sk_Helmet14',/Script/Engine.MaterialInstanceConstant'/Game/Materials/MI_SplitWidget.MI_SplitWidget'
3003016,3003016,16,Sk_Helmet15,/Script/Engine.SkeletalMesh'/Game/Asset/OutgoingAsset/SoldiersConstructor/Meshes/helmets/Sk_Helmet15.Sk_Helmet15',/Script/Engine.MaterialInstanceConstant'/Game/Materials/MI_SplitWidget.MI_SplitWidget'
3003017,3003017,17,Sk_Helmet16,/Script/Engine.SkeletalMesh'/Game/Asset/OutgoingAsset/SoldiersConstructor/Meshes/helmets/Sk_Helmet16.Sk_Helmet16',/Script/Engine.MaterialInstanceConstant'/Game/Materials/MI_SplitWidget.MI_SplitWidget'
3003018,3003018,18,Sk_Helmet17,/Script/Engine.SkeletalMesh'/Game/Asset/OutgoingAsset/SoldiersConstructor/Meshes/helmets/Sk_Helmet17.Sk_Helmet17',/Script/Engine.MaterialInstanceConstant'/Game/Materials/MI_SplitWidget.MI_SplitWidget'
3003019,3003019,19,Sk_Helmet18,/Script/Engine.SkeletalMesh'/Game/Asset/OutgoingAsset/SoldiersConstructor/Meshes/helmets/Sk_Helmet18.Sk_Helmet18',/Script/Engine.MaterialInstanceConstant'/Game/Materials/MI_SplitWidget.MI_SplitWidget'
3003020,3003020,20,Sk_Helmet19,/Script/Engine.SkeletalMesh'/Game/Asset/OutgoingAsset/SoldiersConstructor/Meshes/helmets/Sk_Helmet19.Sk_Helmet19',/Script/Engine.MaterialInstanceConstant'/Game/Materials/MI_SplitWidget.MI_SplitWidget'
3003021,3003021,21,Sk_Helmet20,/Script/Engine.SkeletalMesh'/Game/Asset/OutgoingAsset/SoldiersConstructor/Meshes/helmets/Sk_Helmet20.Sk_Helmet20',/Script/Engine.MaterialInstanceConstant'/Game/Materials/MI_SplitWidget.MI_SplitWidget'
3003022,3003022,22,Sk_Helmet21,/Script/Engine.SkeletalMesh'/Game/Asset/OutgoingAsset/SoldiersConstructor/Meshes/helmets/Sk_Helmet21.Sk_Helmet21',/Script/Engine.MaterialInstanceConstant'/Game/Materials/MI_SplitWidget.MI_SplitWidget'
3003023,3003023,23,Sk_Helmet22,/Script/Engine.SkeletalMesh'/Game/Asset/OutgoingAsset/SoldiersConstructor/Meshes/helmets/Sk_Helmet22.Sk_Helmet22',/Script/Engine.MaterialInstanceConstant'/Game/Materials/MI_SplitWidget.MI_SplitWidget'
3003024,3003024,24,Sk_Helmet23,/Script/Engine.SkeletalMesh'/Game/Asset/OutgoingAsset/SoldiersConstructor/Meshes/helmets/Sk_Helmet23.Sk_Helmet23',/Script/Engine.MaterialInstanceConstant'/Game/Materials/MI_SplitWidget.MI_SplitWidget'
3003025,3003025,25,Sk_Helmet24,/Script/Engine.SkeletalMesh'/Game/Asset/OutgoingAsset/SoldiersConstructor/Meshes/helmets/Sk_Helmet24.Sk_Helmet24',/Script/Engine.MaterialInstanceConstant'/Game/Materials/MI_SplitWidget.MI_SplitWidget'
3003026,3003026,26,Sk_Helmet25,/Script/Engine.SkeletalMesh'/Game/Asset/OutgoingAsset/SoldiersConstructor/Meshes/helmets/Sk_Helmet25.Sk_Helmet25',/Script/Engine.MaterialInstanceConstant'/Game/Materials/MI_SplitWidget.MI_SplitWidget'
3003027,3003027,27,Sk_Helmet26,/Script/Engine.SkeletalMesh'/Game/Asset/OutgoingAsset/SoldiersConstructor/Meshes/helmets/Sk_Helmet26.Sk_Helmet26',/Script/Engine.MaterialInstanceConstant'/Game/Materials/MI_SplitWidget.MI_SplitWidget'
3003028,3003028,28,Sk_Helmet27,/Script/Engine.SkeletalMesh'/Game/Asset/OutgoingAsset/SoldiersConstructor/Meshes/helmets/Sk_Helmet27.Sk_Helmet27',/Script/Engine.MaterialInstanceConstant'/Game/Materials/MI_SplitWidget.MI_SplitWidget'
3003029,3003029,29,Sk_Helmet28,/Script/Engine.SkeletalMesh'/Game/Asset/OutgoingAsset/SoldiersConstructor/Meshes/helmets/Sk_Helmet28.Sk_Helmet28',/Script/Engine.MaterialInstanceConstant'/Game/Materials/MI_SplitWidget.MI_SplitWidget'
3003030,3003030,30,Sk_Helmet29,/Script/Engine.SkeletalMesh'/Game/Asset/OutgoingAsset/SoldiersConstructor/Meshes/helmets/Sk_Helmet29.Sk_Helmet29',/Script/Engine.MaterialInstanceConstant'/Game/Materials/MI_SplitWidget.MI_SplitWidget'
3003031,3003031,31,Sk_Helmet30,/Script/Engine.SkeletalMesh'/Game/Asset/OutgoingAsset/SoldiersConstructor/Meshes/helmets/Sk_Helmet30.Sk_Helmet30',/Script/Engine.MaterialInstanceConstant'/Game/Materials/MI_SplitWidget.MI_SplitWidget'
3003032,3003032,32,Sk_Helmet31,/Script/Engine.SkeletalMesh'/Game/Asset/OutgoingAsset/SoldiersConstructor/Meshes/helmets/Sk_Helmet31.Sk_Helmet31',/Script/Engine.MaterialInstanceConstant'/Game/Materials/MI_SplitWidget.MI_SplitWidget'
3003033,3003033,33,Sk_Helmet32,/Script/Engine.SkeletalMesh'/Game/Asset/OutgoingAsset/SoldiersConstructor/Meshes/helmets/Sk_Helmet32.Sk_Helmet32',/Script/Engine.MaterialInstanceConstant'/Game/Materials/MI_SplitWidget.MI_SplitWidget'
3003034,3003034,34,Sk_Helmet33,/Script/Engine.SkeletalMesh'/Game/Asset/OutgoingAsset/SoldiersConstructor/Meshes/helmets/Sk_Helmet33.Sk_Helmet33',/Script/Engine.MaterialInstanceConstant'/Game/Materials/MI_SplitWidget.MI_SplitWidget'
3003035,3003035,35,Sk_Helmet34,/Script/Engine.SkeletalMesh'/Game/Asset/OutgoingAsset/SoldiersConstructor/Meshes/helmets/Sk_Helmet34.Sk_Helmet34',/Script/Engine.MaterialInstanceConstant'/Game/Materials/MI_SplitWidget.MI_SplitWidget'
3003036,3003036,36,Sk_Helmet35,/Script/Engine.SkeletalMesh'/Game/Asset/OutgoingAsset/SoldiersConstructor/Meshes/helmets/Sk_Helmet35.Sk_Helmet35',/Script/Engine.MaterialInstanceConstant'/Game/Materials/MI_SplitWidget.MI_SplitWidget'
3003037,3003037,37,Sk_Helmet36,/Script/Engine.SkeletalMesh'/Game/Asset/OutgoingAsset/SoldiersConstructor/Meshes/helmets/Sk_Helmet36.Sk_Helmet36',/Script/Engine.MaterialInstanceConstant'/Game/Materials/MI_SplitWidget.MI_SplitWidget'
3003038,3003038,38,Sk_Helmet37,/Script/Engine.SkeletalMesh'/Game/Asset/OutgoingAsset/SoldiersConstructor/Meshes/helmets/Sk_Helmet37.Sk_Helmet37',/Script/Engine.MaterialInstanceConstant'/Game/Materials/MI_SplitWidget.MI_SplitWidget'
3003039,3003039,39,Sk_Helmet38,/Script/Engine.SkeletalMesh'/Game/Asset/OutgoingAsset/SoldiersConstructor/Meshes/helmets/Sk_Helmet38.Sk_Helmet38',/Script/Engine.MaterialInstanceConstant'/Game/Materials/MI_SplitWidget.MI_SplitWidget'
3003040,3003040,40,Sk_Helmet39,/Script/Engine.SkeletalMesh'/Game/Asset/OutgoingAsset/SoldiersConstructor/Meshes/helmets/Sk_Helmet39.Sk_Helmet39',/Script/Engine.MaterialInstanceConstant'/Game/Materials/MI_SplitWidget.MI_SplitWidget'
3003041,3003041,41,Sk_Helmet40,/Script/Engine.SkeletalMesh'/Game/Asset/OutgoingAsset/SoldiersConstructor/Meshes/helmets/Sk_Helmet40.Sk_Helmet40',/Script/Engine.MaterialInstanceConstant'/Game/Materials/MI_SplitWidget.MI_SplitWidget'
3005001,3005001,1,Sk_soldier00,/Script/Engine.SkeletalMesh'/Game/Asset/OutgoingAsset/SoldiersConstructor/Meshes/heads/Sk_soldier00.Sk_soldier00',/Script/Engine.MaterialInstanceConstant'/Game/Materials/MI_SplitWidget.MI_SplitWidget'
3005002,3005002,2,Sk_soldier01,/Script/Engine.SkeletalMesh'/Game/Asset/OutgoingAsset/SoldiersConstructor/Meshes/heads/Sk_soldier01.Sk_soldier01',/Script/Engine.MaterialInstanceConstant'/Game/Materials/MI_SplitWidget.MI_SplitWidget'
3005003,3005003,3,Sk_soldier02,/Script/Engine.SkeletalMesh'/Game/Asset/OutgoingAsset/SoldiersConstructor/Meshes/heads/Sk_soldier02.Sk_soldier02',/Script/Engine.MaterialInstanceConstant'/Game/Materials/MI_SplitWidget.MI_SplitWidget'
3005004,3005004,4,Sk_soldier03,/Script/Engine.SkeletalMesh'/Game/Asset/OutgoingAsset/SoldiersConstructor/Meshes/heads/Sk_soldier03.Sk_soldier03',/Script/Engine.MaterialInstanceConstant'/Game/Materials/MI_SplitWidget.MI_SplitWidget'
3005005,3005005,5,Sk_soldier04,/Script/Engine.SkeletalMesh'/Game/Asset/OutgoingAsset/SoldiersConstructor/Meshes/heads/Sk_soldier04.Sk_soldier04',/Script/Engine.MaterialInstanceConstant'/Game/Materials/MI_SplitWidget.MI_SplitWidget'
3005006,3005006,6,Sk_soldier00a,/Script/Engine.SkeletalMesh'/Game/Asset/OutgoingAsset/SoldiersConstructor/Meshes/heads/Sk_soldier00a.Sk_soldier00a',/Script/Engine.MaterialInstanceConstant'/Game/Materials/MI_SplitWidget.MI_SplitWidget'
3005007,3005007,7,Sk_soldier00b,/Script/Engine.SkeletalMesh'/Game/Asset/OutgoingAsset/SoldiersConstructor/Meshes/heads/Sk_soldier00b.Sk_soldier00b',/Script/Engine.MaterialInstanceConstant'/Game/Materials/MI_SplitWidget.MI_SplitWidget'
3005008,3005008,8,Sk_soldier00c,/Script/Engine.SkeletalMesh'/Game/Asset/OutgoingAsset/SoldiersConstructor/Meshes/heads/Sk_soldier00c.Sk_soldier00c',/Script/Engine.MaterialInstanceConstant'/Game/Materials/MI_SplitWidget.MI_SplitWidget'
3005009,3005009,9,Sk_soldier01a,/Script/Engine.SkeletalMesh'/Game/Asset/OutgoingAsset/SoldiersConstructor/Meshes/heads/Sk_soldier01a.Sk_soldier01a',/Script/Engine.MaterialInstanceConstant'/Game/Materials/MI_SplitWidget.MI_SplitWidget'
3005010,3005010,10,Sk_soldier01b,/Script/Engine.SkeletalMesh'/Game/Asset/OutgoingAsset/SoldiersConstructor/Meshes/heads/Sk_soldier01b.Sk_soldier01b',/Script/Engine.MaterialInstanceConstant'/Game/Materials/MI_SplitWidget.MI_SplitWidget'
3005011,3005011,11,Sk_soldier01c,/Script/Engine.SkeletalMesh'/Game/Asset/OutgoingAsset/SoldiersConstructor/Meshes/heads/Sk_soldier01c.Sk_soldier01c',/Script/Engine.MaterialInstanceConstant'/Game/Materials/MI_SplitWidget.MI_SplitWidget'
3005012,3005012,12,Sk_soldier02a,/Script/Engine.SkeletalMesh'/Game/Asset/OutgoingAsset/SoldiersConstructor/Meshes/heads/Sk_soldier02a.Sk_soldier02a',/Script/Engine.MaterialInstanceConstant'/Game/Materials/MI_SplitWidget.MI_SplitWidget'
3005013,3005013,13,Sk_soldier02b,/Script/Engine.SkeletalMesh'/Game/Asset/OutgoingAsset/SoldiersConstructor/Meshes/heads/Sk_soldier02b.Sk_soldier02b',/Script/Engine.MaterialInstanceConstant'/Game/Materials/MI_SplitWidget.MI_SplitWidget'
3005014,3005014,14,Sk_soldier02c,/Script/Engine.SkeletalMesh'/Game/Asset/OutgoingAsset/SoldiersConstructor/Meshes/heads/Sk_soldier02c.Sk_soldier02c',/Script/Engine.MaterialInstanceConstant'/Game/Materials/MI_SplitWidget.MI_SplitWidget'
3005015,3005015,15,Sk_soldier03a,/Script/Engine.SkeletalMesh'/Game/Asset/OutgoingAsset/SoldiersConstructor/Meshes/heads/Sk_soldier03a.Sk_soldier03a',/Script/Engine.MaterialInstanceConstant'/Game/Materials/MI_SplitWidget.MI_SplitWidget'
3005016,3005016,16,Sk_soldier03b,/Script/Engine.SkeletalMesh'/Game/Asset/OutgoingAsset/SoldiersConstructor/Meshes/heads/Sk_soldier03b.Sk_soldier03b',/Script/Engine.MaterialInstanceConstant'/Game/Materials/MI_SplitWidget.MI_SplitWidget'
3005017,3005017,17,Sk_soldier03c,/Script/Engine.SkeletalMesh'/Game/Asset/OutgoingAsset/SoldiersConstructor/Meshes/heads/Sk_soldier03c.Sk_soldier03c',/Script/Engine.MaterialInstanceConstant'/Game/Materials/MI_SplitWidget.MI_SplitWidget'
3005018,3005018,18,Sk_soldier04a,/Script/Engine.SkeletalMesh'/Game/Asset/OutgoingAsset/SoldiersConstructor/Meshes/heads/Sk_soldier04a.Sk_soldier04a',/Script/Engine.MaterialInstanceConstant'/Game/Materials/MI_SplitWidget.MI_SplitWidget'
3005019,3005019,19,Sk_soldier04b,/Script/Engine.SkeletalMesh'/Game/Asset/OutgoingAsset/SoldiersConstructor/Meshes/heads/Sk_soldier04b.Sk_soldier04b',/Script/Engine.MaterialInstanceConstant'/Game/Materials/MI_SplitWidget.MI_SplitWidget'
3005020,3005020,20,Sk_soldier04c,/Script/Engine.SkeletalMesh'/Game/Asset/OutgoingAsset/SoldiersConstructor/Meshes/heads/Sk_soldier04c.Sk_soldier04c',/Script/Engine.MaterialInstanceConstant'/Game/Materials/MI_SplitWidget.MI_SplitWidget'
3006001,3006001,1,Sk_hands00,/Script/Engine.SkeletalMesh'/Game/Asset/OutgoingAsset/SoldiersConstructor/Meshes/hands/Sk_hands00.Sk_hands00',/Script/Engine.MaterialInstanceConstant'/Game/Materials/MI_SplitWidget.MI_SplitWidget'
3006002,3006002,2,Sk_hands01,/Script/Engine.SkeletalMesh'/Game/Asset/OutgoingAsset/SoldiersConstructor/Meshes/hands/Sk_hands01.Sk_hands01',/Script/Engine.MaterialInstanceConstant'/Game/Materials/MI_SplitWidget.MI_SplitWidget'
3006003,3006003,3,Sk_hands02,/Script/Engine.SkeletalMesh'/Game/Asset/OutgoingAsset/SoldiersConstructor/Meshes/hands/Sk_hands02.Sk_hands02',/Script/Engine.MaterialInstanceConstant'/Game/Materials/MI_SplitWidget.MI_SplitWidget'
3006004,3006004,4,Sk_hands03,/Script/Engine.SkeletalMesh'/Game/Asset/OutgoingAsset/SoldiersConstructor/Meshes/hands/Sk_hands03.Sk_hands03',/Script/Engine.MaterialInstanceConstant'/Game/Materials/MI_SplitWidget.MI_SplitWidget'
3006005,3006005,5,Sk_hands04,/Script/Engine.SkeletalMesh'/Game/Asset/OutgoingAsset/SoldiersConstructor/Meshes/hands/Sk_hands04.Sk_hands04',/Script/Engine.MaterialInstanceConstant'/Game/Materials/MI_SplitWidget.MI_SplitWidget'
3007001,3007001,1,Sk_body00,/Script/Engine.SkeletalMesh'/Game/Asset/OutgoingAsset/SoldiersConstructor/Meshes/Body/Sk_body00.Sk_body00',/Script/Engine.MaterialInstanceConstant'/Game/Materials/MI_SplitWidget.MI_SplitWidget'
3007002,3007002,2,Sk_ArmyShirt,/Script/Engine.SkeletalMesh'/Game/Asset/OutgoingAsset/SoldiersConstructor/Meshes/body/Sk_ArmyShirt.Sk_ArmyShirt',/Script/Engine.MaterialInstanceConstant'/Game/Materials/MI_SplitWidget.MI_SplitWidget'
3007003,3007003,3,Sk_Agentshirt,/Script/Engine.SkeletalMesh'/Game/Asset/OutgoingAsset/SoldiersConstructor/Meshes/body/Sk_Agentshirt.Sk_Agentshirt',/Script/Engine.MaterialInstanceConstant'/Game/Materials/MI_SplitWidget.MI_SplitWidget'
3007004,3007004,4,Sk_bodyshirt,/Script/Engine.SkeletalMesh'/Game/Asset/OutgoingAsset/SoldiersConstructor/Meshes/body/Sk_bodyshirt.Sk_bodyshirt',/Script/Engine.MaterialInstanceConstant'/Game/Materials/MI_SplitWidget.MI_SplitWidget'
3007005,3007005,5,Sk_Cover,/Script/Engine.SkeletalMesh'/Game/Asset/OutgoingAsset/SoldiersConstructor/Meshes/body/Sk_Cover.Sk_Cover',/Script/Engine.MaterialInstanceConstant'/Game/Materials/MI_SplitWidget.MI_SplitWidget'
3007006,3007006,6,Sk_Gorka01,/Script/Engine.SkeletalMesh'/Game/Asset/OutgoingAsset/SoldiersConstructor/Meshes/body/Sk_Gorka01.Sk_Gorka01',/Script/Engine.MaterialInstanceConstant'/Game/Materials/MI_SplitWidget.MI_SplitWidget'
3007007,3007007,7,Sk_Gorka02,/Script/Engine.SkeletalMesh'/Game/Asset/OutgoingAsset/SoldiersConstructor/Meshes/body/Sk_Gorka02.Sk_Gorka02',/Script/Engine.MaterialInstanceConstant'/Game/Materials/MI_SplitWidget.MI_SplitWidget'
3007008,3007008,8,Sk_LightJacket,/Script/Engine.SkeletalMesh'/Game/Asset/OutgoingAsset/SoldiersConstructor/Meshes/body/Sk_LightJacket.Sk_LightJacket',/Script/Engine.MaterialInstanceConstant'/Game/Materials/MI_SplitWidget.MI_SplitWidget'
3007009,3007009,9,Sk_LongShirt,/Script/Engine.SkeletalMesh'/Game/Asset/OutgoingAsset/SoldiersConstructor/Meshes/body/Sk_LongShirt.Sk_LongShirt',/Script/Engine.MaterialInstanceConstant'/Game/Materials/MI_SplitWidget.MI_SplitWidget'
3007010,3007010,10,Sk_rogatka,/Script/Engine.SkeletalMesh'/Game/Asset/OutgoingAsset/SoldiersConstructor/Meshes/body/Sk_rogatka.Sk_rogatka',/Script/Engine.MaterialInstanceConstant'/Game/Materials/MI_SplitWidget.MI_SplitWidget'
3007011,3007011,11,Sk_shirt,/Script/Engine.SkeletalMesh'/Game/Asset/OutgoingAsset/SoldiersConstructor/Meshes/body/Sk_shirt.Sk_shirt',/Script/Engine.MaterialInstanceConstant'/Game/Materials/MI_SplitWidget.MI_SplitWidget'
3007012,3007012,12,Sk_Tactshirt,/Script/Engine.SkeletalMesh'/Game/Asset/OutgoingAsset/SoldiersConstructor/Meshes/body/Sk_Tactshirt.Sk_Tactshirt',/Script/Engine.MaterialInstanceConstant'/Game/Materials/MI_SplitWidget.MI_SplitWidget'
3008001,3008001,1,Sk_belt00,/Script/Engine.SkeletalMesh'/Game/Asset/OutgoingAsset/SoldiersConstructor/Meshes/belts/Sk_belt00.Sk_belt00',/Script/Engine.MaterialInstanceConstant'/Game/Materials/MI_SplitWidget.MI_SplitWidget'
3008002,3008002,2,Sk_belt01,/Script/Engine.SkeletalMesh'/Game/Asset/OutgoingAsset/SoldiersConstructor/Meshes/belts/Sk_belt01.Sk_belt01',/Script/Engine.MaterialInstanceConstant'/Game/Materials/MI_SplitWidget.MI_SplitWidget'
3008003,3008003,3,Sk_belt02,/Script/Engine.SkeletalMesh'/Game/Asset/OutgoingAsset/SoldiersConstructor/Meshes/belts/Sk_belt02.Sk_belt02',/Script/Engine.MaterialInstanceConstant'/Game/Materials/MI_SplitWidget.MI_SplitWidget'
3008004,3008004,4,Sk_belt03,/Script/Engine.SkeletalMesh'/Game/Asset/OutgoingAsset/SoldiersConstructor/Meshes/belts/Sk_belt03.Sk_belt03',/Script/Engine.MaterialInstanceConstant'/Game/Materials/MI_SplitWidget.MI_SplitWidget'
3008005,3008005,5,Sk_belt04,/Script/Engine.SkeletalMesh'/Game/Asset/OutgoingAsset/SoldiersConstructor/Meshes/belts/Sk_belt04.Sk_belt04',/Script/Engine.MaterialInstanceConstant'/Game/Materials/MI_SplitWidget.MI_SplitWidget'
3008006,3008006,6,Sk_belt05,/Script/Engine.SkeletalMesh'/Game/Asset/OutgoingAsset/SoldiersConstructor/Meshes/belts/Sk_belt05.Sk_belt05',/Script/Engine.MaterialInstanceConstant'/Game/Materials/MI_SplitWidget.MI_SplitWidget'
3009001,3009001,1,Sk_bodypants,/Script/Engine.SkeletalMesh'/Game/Asset/OutgoingAsset/SoldiersConstructor/Meshes/legs/Sk_bodypants.Sk_bodypants',/Script/Engine.MaterialInstanceConstant'/Game/Materials/MI_SplitWidget.MI_SplitWidget'
3009002,3009002,2,Sk_bodypantsb,/Script/Engine.SkeletalMesh'/Game/Asset/OutgoingAsset/SoldiersConstructor/Meshes/legs/Sk_bodypantsb.Sk_bodypantsb',/Script/Engine.MaterialInstanceConstant'/Game/Materials/MI_SplitWidget.MI_SplitWidget'
3009003,3009003,3,Sk_gorkapants,/Script/Engine.SkeletalMesh'/Game/Asset/OutgoingAsset/SoldiersConstructor/Meshes/legs/Sk_gorkapants.Sk_gorkapants',/Script/Engine.MaterialInstanceConstant'/Game/Materials/MI_SplitWidget.MI_SplitWidget'
3009004,3009004,4,Sk_gorkapantsb,/Script/Engine.SkeletalMesh'/Game/Asset/OutgoingAsset/SoldiersConstructor/Meshes/legs/Sk_gorkapantsb.Sk_gorkapantsb',/Script/Engine.MaterialInstanceConstant'/Game/Materials/MI_SplitWidget.MI_SplitWidget'
3009005,3009005,5,Sk_Legs00,/Script/Engine.SkeletalMesh'/Game/Asset/OutgoingAsset/SoldiersConstructor/Meshes/legs/Sk_Legs00.Sk_Legs00',/Script/Engine.MaterialInstanceConstant'/Game/Materials/MI_SplitWidget.MI_SplitWidget'
3009006,3009006,6,Sk_pants00,/Script/Engine.SkeletalMesh'/Game/Asset/OutgoingAsset/SoldiersConstructor/Meshes/legs/Sk_pants00.Sk_pants00',/Script/Engine.MaterialInstanceConstant'/Game/Materials/MI_SplitWidget.MI_SplitWidget'
3009007,3009007,7,Sk_pants01,/Script/Engine.SkeletalMesh'/Game/Asset/OutgoingAsset/SoldiersConstructor/Meshes/legs/Sk_pants01.Sk_pants01',/Script/Engine.MaterialInstanceConstant'/Game/Materials/MI_SplitWidget.MI_SplitWidget'
3009008,3009008,8,Sk_pants02,/Script/Engine.SkeletalMesh'/Game/Asset/OutgoingAsset/SoldiersConstructor/Meshes/legs/Sk_pants02.Sk_pants02',/Script/Engine.MaterialInstanceConstant'/Game/Materials/MI_SplitWidget.MI_SplitWidget'
3009009,3009009,9,Sk_pants00b,/Script/Engine.SkeletalMesh'/Game/Asset/OutgoingAsset/SoldiersConstructor/Meshes/legs/Sk_pants00b.Sk_pants00b',/Script/Engine.MaterialInstanceConstant'/Game/Materials/MI_SplitWidget.MI_SplitWidget'
3009010,3009010,10,Sk_pants01b,/Script/Engine.SkeletalMesh'/Game/Asset/OutgoingAsset/SoldiersConstructor/Meshes/legs/Sk_pants01b.Sk_pants01b',/Script/Engine.MaterialInstanceConstant'/Game/Materials/MI_SplitWidget.MI_SplitWidget'
3009011,3009011,11,Sk_pants02b,/Script/Engine.SkeletalMesh'/Game/Asset/OutgoingAsset/SoldiersConstructor/Meshes/legs/Sk_pants02b.Sk_pants02b',/Script/Engine.MaterialInstanceConstant'/Game/Materials/MI_SplitWidget.MI_SplitWidget'
3009012,3009012,12,Sk_Tactpants,/Script/Engine.SkeletalMesh'/Game/Asset/OutgoingAsset/SoldiersConstructor/Meshes/legs/Sk_Tactpants.Sk_Tactpants',/Script/Engine.MaterialInstanceConstant'/Game/Materials/MI_SplitWidget.MI_SplitWidget'
3009013,3009013,13,Sk_Tactpantsb,/Script/Engine.SkeletalMesh'/Game/Asset/OutgoingAsset/SoldiersConstructor/Meshes/legs/Sk_Tactpantsb.Sk_Tactpantsb',/Script/Engine.MaterialInstanceConstant'/Game/Materials/MI_SplitWidget.MI_SplitWidget'
3009014,3009014,14,Sk_TactTrousers,/Script/Engine.SkeletalMesh'/Game/Asset/OutgoingAsset/SoldiersConstructor/Meshes/legs/Sk_TactTrousers.Sk_TactTrousers',/Script/Engine.MaterialInstanceConstant'/Game/Materials/MI_SplitWidget.MI_SplitWidget'
3009015,3009015,15,Sk_TactTrousersb,/Script/Engine.SkeletalMesh'/Game/Asset/OutgoingAsset/SoldiersConstructor/Meshes/legs/Sk_TactTrousersb.Sk_TactTrousersb',/Script/Engine.MaterialInstanceConstant'/Game/Materials/MI_SplitWidget.MI_SplitWidget'
3010001,3010001,1,Sk_boot00,/Script/Engine.SkeletalMesh'/Game/Asset/OutgoingAsset/SoldiersConstructor/Meshes/foots/Sk_boot00.Sk_boot00',/Script/Engine.MaterialInstanceConstant'/Game/Materials/MI_SplitWidget.MI_SplitWidget'
3010002,3010002,2,Sk_boot01,/Script/Engine.SkeletalMesh'/Game/Asset/OutgoingAsset/SoldiersConstructor/Meshes/foots/Sk_boot01.Sk_boot01',/Script/Engine.MaterialInstanceConstant'/Game/Materials/MI_SplitWidget.MI_SplitWidget'
3010003,3010003,3,Sk_boot02,/Script/Engine.SkeletalMesh'/Game/Asset/OutgoingAsset/SoldiersConstructor/Meshes/foots/Sk_boot02.Sk_boot02',/Script/Engine.MaterialInstanceConstant'/Game/Materials/MI_SplitWidget.MI_SplitWidget'
3010004,3010004,4,Sk_boot03,/Script/Engine.SkeletalMesh'/Game/Asset/OutgoingAsset/SoldiersConstructor/Meshes/foots/Sk_boot03.Sk_boot03',/Script/Engine.MaterialInstanceConstant'/Game/Materials/MI_SplitWidget.MI_SplitWidget'
3010005,3010005,5,Sk_boot04,/Script/Engine.SkeletalMesh'/Game/Asset/OutgoingAsset/SoldiersConstructor/Meshes/foots/Sk_boot04.Sk_boot04',/Script/Engine.MaterialInstanceConstant'/Game/Materials/MI_SplitWidget.MI_SplitWidget'
3010006,3010006,6,Sk_boot05,/Script/Engine.SkeletalMesh'/Game/Asset/OutgoingAsset/SoldiersConstructor/Meshes/foots/Sk_boot05.Sk_boot05',/Script/Engine.MaterialInstanceConstant'/Game/Materials/MI_SplitWidget.MI_SplitWidget'
3010007,3010007,7,Sk_boot01b,/Script/Engine.SkeletalMesh'/Game/Asset/OutgoingAsset/SoldiersConstructor/Meshes/foots/Sk_boot01b.Sk_boot01b',/Script/Engine.MaterialInstanceConstant'/Game/Materials/MI_SplitWidget.MI_SplitWidget'
3010008,3010008,8,Sk_boot02b,/Script/Engine.SkeletalMesh'/Game/Asset/OutgoingAsset/SoldiersConstructor/Meshes/foots/Sk_boot02b.Sk_boot02b',/Script/Engine.MaterialInstanceConstant'/Game/Materials/MI_SplitWidget.MI_SplitWidget'
3010009,3010009,9,Sk_boot03b,/Script/Engine.SkeletalMesh'/Game/Asset/OutgoingAsset/SoldiersConstructor/Meshes/foots/Sk_boot03b.Sk_boot03b',/Script/Engine.MaterialInstanceConstant'/Game/Materials/MI_SplitWidget.MI_SplitWidget'
3010010,3010010,10,Sk_boot04b,/Script/Engine.SkeletalMesh'/Game/Asset/OutgoingAsset/SoldiersConstructor/Meshes/foots/Sk_boot04b.Sk_boot04b',/Script/Engine.MaterialInstanceConstant'/Game/Materials/MI_SplitWidget.MI_SplitWidget'
3010011,3010011,11,Sk_boot05b,/Script/Engine.SkeletalMesh'/Game/Asset/OutgoingAsset/SoldiersConstructor/Meshes/foots/Sk_boot05b.Sk_boot05b',/Script/Engine.MaterialInstanceConstant'/Game/Materials/MI_SplitWidget.MI_SplitWidget'
